{
  "has_old_model": true,
  "comparison_summary": {
    "S/PP_improvement": 0.0029813115923648104,
    "gini_improvement": -0.00016831683169038492
  },
  "segment_comparisons": {
    "age_group": {
      "S/PP_improvement": {
        "18-29": 0.004707106613055179,
        "30-44": -0.00023441554757974714,
        "45-59": 0.003184114782107339,
        "60+": 0.0036126467172598042
      },
      "gini_improvement": {
        "18-29": 0.014249597793610125,
        "30-44": -0.008455284552842945,
        "45-59": 0.0009668236262996288,
        "60+": 0.0055368889309532765
      }
    },
    "income_level": {
      "S/PP_improvement": {
        "[1468.57, 94254.749)": 0.002445938470460818,
        "[94254.749, 187040.927)": 0.006244378906688608,
        "[187040.927, 279827.105)": 0.0020209780353985796,
        "[279827.105, 372613.284)": -0.003731443047090055,
        "[372613.284, 465863.393)": -0.21229392561764726
      },
      "gini_improvement": {
        "[1468.57, 94254.749)": -0.008165111676563086,
        "[94254.749, 187040.927)": 0.007384755522301001,
        "[187040.927, 279827.105)": 0.005383022774326562,
        "[279827.105, 372613.284)": 0.0,
        "[372613.284, 465863.393)": 0.0
      }
    },
    "credit_score_group": {
      "S/PP_improvement": {
        "Poor": 0.005668202087084517,
        "Fair": -0.003183685771416145,
        "Good": -0.0026109362203112774,
        "Excellent": 0.0043340403529301685
      },
      "gini_improvement": {
        "Poor": -0.0031459933233448645,
        "Fair": 0.008166551644811948,
        "Good": 0.0018085106382943472,
        "Excellent": -0.002776125322231149
      }
    }
  }
}